{"cameraMode":{"drawMode":0,"name":"Shaded","section":"Shading Mode"},"sceneLighting":true,"audioPlay":false,"sceneViewState":{"showFog":true,"showMaterialUpdate":false,"showSkybox":true,"showFlares":true,"showImageEffects":true,"showParticleSystems":true},"in2DMode":false,"pivot":{"x":-3.4604597091674806,"y":0.37947916984558108,"z":1.6481943130493165},"rotation":{"x":-0.13357609510421754,"y":-0.18904851377010346,"z":0.025966499000787736,"w":-0.9724936485290527},"size":9.739697456359864,"orthographic":false}